document_id,original_text,cleaned_text,reviewer_sentiment,reviewer_theme,word_count,character_count,manual_label,cluster_id,cluster_label,predicted_label,prediction_confidence,validation_status,validation_notes
COMMENT_0001,Were your arms and leg amputated right at the accident or I guess they has to amputate them in the hospital because they were so mangled? I'm so sorry this happened to you it sounds beyond horrific I can't even imagine. Did it hurt when it happened?,Were your arms and leg amputated right at the accident or I guess they has to amputate them in the hospital because they were so mangled? I'm so sorry this happened to you it sounds beyond horrific I can't even imagine. Did it hurt when it happened?,Mixed/Neutral,Cause / Surgery,47,249,,,,,,,
COMMENT_0002,How has this impacted your juggling career?,How has this impacted your juggling career?,Negative,Physical health and daily function,7,43,,,,,,,
COMMENT_0003,That’s recent. How are you coping with the drastic change?,That’s recent. How are you coping with the drastic change?,Positive,Mental health and adjustment,10,58,,,,,,,
COMMENT_0004,Any potential for some badass cybernetics?,Any potential for some badass cybernetics?,Mixed/Neutral,Device,6,42,,,,,,,
COMMENT_0005,Do you plan on finding someone with only their right leg and same foot size so you can half the price of your footwear?,Do you plan on finding someone with only their right leg and same foot size so you can half the price of your footwear?,Negative,Mental health and adjustment,24,119,,,,,,,
COMMENT_0006,Have you experienced phantom itch?,Have you experienced phantom itch?,Mixed/Neutral,Pain including phantom,5,34,,,,,,,
COMMENT_0007,How do you afford the full time caregiver at such a young age? Are you able to eat or use the toilet without help?,How do you afford the full time caregiver at such a young age? Are you able to eat or use the toilet without help?,Mixed/Neutral,Physical health and daily function,24,114,,,,,,,
COMMENT_0008,I hope you will be okay and that everything goes your way in the future. What country do you live in?,I hope you will be okay and that everything goes your way in the future. What country do you live in?,Negative,Mental health and adjustment,21,101,,,,,,,
COMMENT_0009,Are you looking forward to the near future where prosthetics and exoskeletons will be developed to that point that you are basically Robocop?,Are you looking forward to the near future where prosthetics and exoskeletons will be developed to that point that you are basically Robocop?,Mixed/Neutral,Device,23,141,,,,,,,
COMMENT_0010,What was the most unexpected challenge as a triple amputee?,What was the most unexpected challenge as a triple amputee?,Mixed/Neutral,Physical health and daily function,10,59,,,,,,,
COMMENT_0011,How are you typing?,How are you typing?,Mixed/Neutral,Physical health and daily function,4,19,,,,,,,
COMMENT_0012,How did it happen?,How did it happen?,Mixed/Neutral,Cause / Surgery,4,18,,,,,,,
COMMENT_0013,Can they rebuild you? Can they make you stronger?,Can they rebuild you? Can they make you stronger?,Negative,Device,9,49,,,,,,,
COMMENT_0014,How are you responding with no arms?,How are you responding with no arms?,Negative,Mental health and adjustment,7,36,,,,,,,
COMMENT_0015,Will there be any complications for you possibly getting prosthetics in the future?,Will there be any complications for you possibly getting prosthetics in the future?,Mixed/Neutral,Device,13,83,,,,,,,
COMMENT_0016,"When you wake up in the morning, do you forget that your limbs are missing for a bit?","When you wake up in the morning, do you forget that your limbs are missing for a bit?",Negative,Mental health and adjustment,18,85,,,,,,,
COMMENT_0017,I'm assuming you are often seated? How do you prevent bedsores from developing? Or do you have prosthetics that help you get up and move around on your legs?,I'm assuming you are often seated? How do you prevent bedsores from developing? Or do you have prosthetics that help you get up and move around on your legs?,Positive,Physical health and daily function,29,157,,,,,,,
COMMENT_0018,"How do you brush your teeth? Or comb your hair? How do you eat - do you have a way of using utensils by yourself, or are you depending on someone feeding you?","How do you brush your teeth? Or comb your hair? How do you eat - do you have a way of using utensils by yourself, or are you depending on someone feeding you?",Mixed/Neutral,Physical health and daily function,33,158,,,,,,,
COMMENT_0019,"It must have been hard to cope with the accident - did you know you'd lose three limbs, or did you basically wake up in hospital after surgery?","It must have been hard to cope with the accident - did you know you'd lose three limbs, or did you basically wake up in hospital after surgery?",Negative,Mental health and adjustment,28,143,,,,,,,
COMMENT_0020,"And what would you wish everyone to know - as in, what's ok, and what should we avoid doing / asking / talking about?","And what would you wish everyone to know - as in, what's ok, and what should we avoid doing / asking / talking about?",Positive,Mental health and adjustment,24,117,,,,,,,
COMMENT_0021,"Do you feel any pain right now as your reading this? Also you should give hilarious answers when people asked what happened ie, shark attack, woodchipper accident, got hungry, lost a bet, you should see the other guy.","Do you feel any pain right now as your reading this? Also you should give hilarious answers when people asked what happened ie, shark attack, woodchipper accident, got hungry, lost a bet, you should see the other guy.",Negative,Pain including phantom,38,217,,,,,,,
COMMENT_0022,"Maybe a harsh question, but I’m wondering how you feel about being alive after the accident? I ask because i work as a nurse and helped a lot of amputees, some with lovely life they have been very happy about, but also some who wished their life ended at the accident.","Maybe a harsh question, but I’m wondering how you feel about being alive after the accident? I ask because i work as a nurse and helped a lot of amputees, some with lovely life they have been very happy about, but also some who wished their life ended at the accident.",Negative,Mental health and adjustment,51,268,,,,,,,
COMMENT_0023,Is it difficult to think about moving on with life without limbs? Ever wished you would have died or are you truly greatful to be alive?,Is it difficult to think about moving on with life without limbs? Ever wished you would have died or are you truly greatful to be alive?,Negative,Mental health and adjustment,26,136,,,,,,,
COMMENT_0024,What’s keeping you going?,What’s keeping you going?,Mixed/Neutral,Mental health and adjustment,4,25,,,,,,,
COMMENT_0025,Would you consider documenting your journey and how you learn to relive your life?,Would you consider documenting your journey and how you learn to relive your life?,Mixed/Neutral,Mental health and adjustment,14,82,,,,,,,
COMMENT_0026,Do you get itchy in places that aren't there?,Do you get itchy in places that aren't there?,Mixed/Neutral,Mental health and adjustment,9,45,,,,,,,
COMMENT_0027,Do you wish you hadn't survived the accident in some ways?,Do you wish you hadn't survived the accident in some ways?,Negative,Mental health and adjustment,11,58,,,,,,,
COMMENT_0028,Where are the limbs cut off from? Elbow or further? Knee or further?,Where are the limbs cut off from? Elbow or further? Knee or further?,Negative,Cause / Surgery,13,68,,,,,,,
COMMENT_0029,How does it impact your balance because of your arm?,How does it impact your balance because of your arm?,Positive,Physical health and daily function,10,52,,,,,,,
COMMENT_0030,Do you know what the doctors did with your arms and leg after they amputated? Did they let you keep them or something or what happened?,Do you know what the doctors did with your arms and leg after they amputated? Did they let you keep them or something or what happened?,Negative,Mental health and adjustment,26,135,,,,,,,
COMMENT_0031,Have you considered investing in a bidet? Maybe a remote you can control via toes or something. Might help your situation out a bit. Getting on and off the toilet might suck though,Have you considered investing in a bidet? Maybe a remote you can control via toes or something. Might help your situation out a bit. Getting on and off the toilet might suck though,Mixed/Neutral,Physical health and daily function,33,180,,,,,,,
COMMENT_0032,I became a double arm amputee in November 2022 in a motorcycle accident. I've been learning to live without arms since. Ask me anything at all.,I became a double arm amputee in November 2022 in a motorcycle accident. I've been learning to live without arms since. Ask me anything at all.,Positive,Mental health and adjustment,26,143,,,,,,,
COMMENT_0033,What simple things did you realize are easy to take for granted?,What simple things did you realize are easy to take for granted?,Positive,Physical health and daily function,12,64,,,,,,,
COMMENT_0034,How do most people react to seeing your condition?,How do most people react to seeing your condition?,Mixed/Neutral,Mental health and adjustment,9,50,,,,,,,
COMMENT_0035,How have you dealt with the complete change in lifestyle?,How have you dealt with the complete change in lifestyle?,Mixed/Neutral,Mental health and adjustment,10,57,,,,,,,
COMMENT_0036,Are they stumps or completely gone at the shoulder?,Are they stumps or completely gone at the shoulder?,Mixed/Neutral,Cause / Surgery,9,51,,,,,,,
COMMENT_0037,Did you need to install a bidet? How do you wipe your butt?,Did you need to install a bidet? How do you wipe your butt?,Mixed/Neutral,Physical health and daily function,13,59,,,,,,,
COMMENT_0038,"If you feel comfortable, can you describe the accident? I also ride and like to get information on accidents so I can avoid them in the future. Were you riding a sport bike or a cruiser?","If you feel comfortable, can you describe the accident? I also ride and like to get information on accidents so I can avoid them in the future. Were you riding a sport bike or a cruiser?",Negative,Mental health and adjustment,36,186,,,,,,,
COMMENT_0039,How did you type this post?,How did you type this post?,Mixed/Neutral,Physical health and daily function,6,27,,,,,,,
COMMENT_0040,Are you typing with your toes?,Are you typing with your toes?,Negative,Physical health and daily function,6,30,,,,,,,
COMMENT_0041,What’s the wiping situation?,What’s the wiping situation?,Negative,Physical health and daily function,4,28,,,,,,,
COMMENT_0042,How do you cook/eat? Is BBQ out?,How do you cook/eat? Is BBQ out?,Mixed/Neutral,Physical health and daily function,7,32,,,,,,,
COMMENT_0043,What’s the hardest part about living without arms?,What’s the hardest part about living without arms?,Mixed/Neutral,Mental health and adjustment,8,50,,,,,,,
COMMENT_0044,Are you going to get prosthetics (is that what they’re called?),Are you going to get prosthetics (is that what they’re called?),Mixed/Neutral,Device,11,63,,,,,,,
COMMENT_0045,Are you feet/legs hurting typing this much?,Are you feet/legs hurting typing this much?,Negative,Pain including phantom,7,43,,,,,,,
COMMENT_0046,Are you tired of people feeling sad for you?,Are you tired of people feeling sad for you?,Negative,Mental health and adjustment,9,44,,,,,,,
COMMENT_0047,Did you keep your lost limbs?,Did you keep your lost limbs?,Negative,Mental health and adjustment,6,29,,,,,,,
COMMENT_0048,Are you in a relationship/ scared you won’t find anyone because of the accident? Are you adapting at your job?,Are you in a relationship/ scared you won’t find anyone because of the accident? Are you adapting at your job?,Negative,Physical health and daily function,20,110,,,,,,,
COMMENT_0049,Did you have to find a new job?,Did you have to find a new job?,Mixed/Neutral,Physical health and daily function,8,31,,,,,,,
COMMENT_0050,Do you need to eat fewer calories to maintain your weight?,Do you need to eat fewer calories to maintain your weight?,Negative,Physical health and daily function,11,58,,,,,,,
COMMENT_0051,I hear that many disabled people hate it when strangers offer them their help as it makes them feel themselves inferior. Is it a case with you too?,I hear that many disabled people hate it when strangers offer them their help as it makes them feel themselves inferior. Is it a case with you too?,Negative,Mental health and adjustment,28,147,,,,,,,
COMMENT_0052,Were your legs always flexible or did they adapt?,Were your legs always flexible or did they adapt?,Negative,Physical health and daily function,9,49,,,,,,,
COMMENT_0053,Did you lose any relationships as a result?,Did you lose any relationships as a result?,Mixed/Neutral,Mental health and adjustment,8,43,,,,,,,
COMMENT_0054,How are you emotionally? Do you have a good support system?,How are you emotionally? Do you have a good support system?,Mixed/Neutral,Mental health and adjustment,11,59,,,,,,,
COMMENT_0055,Do you still sometimes try to grab things automatically? It's what I'd imagine myself doing tbh,Do you still sometimes try to grab things automatically? It's what I'd imagine myself doing tbh,Mixed/Neutral,Physical health and daily function,16,95,,,,,,,
COMMENT_0056,Are you at peace with your sudden transformation?,Are you at peace with your sudden transformation?,Negative,Mental health and adjustment,8,49,,,,,,,
COMMENT_0057,What caused or was the context of your accident?,What caused or was the context of your accident?,Mixed/Neutral,Cause / Surgery,9,48,,,,,,,
COMMENT_0058,What happened in the accident?,What happened in the accident?,Mixed/Neutral,Cause / Surgery,5,30,,,,,,,
COMMENT_0059,How hard has this been on your mental health?,How hard has this been on your mental health?,Positive,Mental health and adjustment,9,45,,,,,,,
COMMENT_0060,What are you grateful for in this moment on your life?,What are you grateful for in this moment on your life?,Positive,Mental health and adjustment,11,54,,,,,,,
COMMENT_0061,"Forgive me if this sounds like a stupid question, but was there no way to tell beforehand how your body would react to the anesthesia? Or is it always a risk?","Forgive me if this sounds like a stupid question, but was there no way to tell beforehand how your body would react to the anesthesia? Or is it always a risk?",Mixed/Neutral,Cause / Surgery,31,158,,,,,,,
COMMENT_0062,"It sounds like you've been through quite a battle. I'm also a recent right leg amputee, although I did not have to deal with organ failure or coma, it's still quite a life changing experience and I'm still dealing with many issues. Hope you are doing better now! Would you say it gets easier after the first year? What suggestion would you make to a recent amputee, or something you wish you did differently yourself? Thanks","It sounds like you've been through quite a battle. I'm also a recent right leg amputee, although I did not have to deal with organ failure or coma, it's still quite a life changing experience and I'm still dealing with many issues. Hope you are doing better now! Would you say it gets easier after the first year? What suggestion would you make to a recent amputee, or something you wish you did differently yourself? Thanks",Positive,Mental health and adjustment,76,424,,,,,,,
COMMENT_0063,Are you suing the doctors or was it like an allergic reaction that caused the chain of events?,Are you suing the doctors or was it like an allergic reaction that caused the chain of events?,Negative,Cause / Surgery,18,94,,,,,,,
COMMENT_0064,Do you feel an obligation to spread this knowledge of the interaction between thc tolerance and anesthesia? I now do after reading this post. I certainly will be taking a T break before going under.,Do you feel an obligation to spread this knowledge of the interaction between thc tolerance and anesthesia? I now do after reading this post. I certainly will be taking a T break before going under.,Mixed/Neutral,Cause / Surgery,35,198,,,,,,,
COMMENT_0065,Was it weird falling asleep with 2 legs then waking up with 1?,Was it weird falling asleep with 2 legs then waking up with 1?,Negative,Mental health and adjustment,13,62,,,,,,,
COMMENT_0066,When I heard your episode i was wondering how the doctors determined that dabbing was the catalyst. Is this their opinion or are there medical facts to support it? Thank you for sharing your reflective and resilient story!,When I heard your episode i was wondering how the doctors determined that dabbing was the catalyst. Is this their opinion or are there medical facts to support it? Thank you for sharing your reflective and resilient story!,Positive,Cause / Surgery,38,222,,,,,,,
COMMENT_0067,Thank you for this AMA but you wonder before surgery if you would wake up during surgery? There are a lot of cases of people waking up and felling the pain so were you worried about this,Thank you for this AMA but you wonder before surgery if you would wake up during surgery? There are a lot of cases of people waking up and felling the pain so were you worried about this,Mixed/Neutral,Cause / Surgery,37,186,,,,,,,
COMMENT_0068,Will this effect your ability to work? Have you started pt yet? How was the initial shock of waking up and realizing all the craziness you went through. How long is your expected recovery?,Will this effect your ability to work? Have you started pt yet? How was the initial shock of waking up and realizing all the craziness you went through. How long is your expected recovery?,Positive,Mental health and adjustment,34,188,,,,,,,
COMMENT_0069,I'm sorry that this happened to you. I can't even imagine. Did your experience make you quit smoking weed? Or at least decide to cut back?,I'm sorry that this happened to you. I can't even imagine. Did your experience make you quit smoking weed? Or at least decide to cut back?,Negative,Physical health and daily function,26,138,,,,,,,
COMMENT_0070,"what was it like going in for a somewhat routine, same day surgery, versus waking up 10 days later with no leg?? I imagine there had to be some serious shock and disbelief....","what was it like going in for a somewhat routine, same day surgery, versus waking up 10 days later with no leg?? I imagine there had to be some serious shock and disbelief....",Mixed/Neutral,Mental health and adjustment,33,175,,,,,,,
COMMENT_0071,I think prosthetics look really cool. Can you pick like cool bad ass ones or is it just what the guys give you,I think prosthetics look really cool. Can you pick like cool bad ass ones or is it just what the guys give you,Positive,Device,23,110,,,,,,,
COMMENT_0072,Were your friends and family supportive during that time?,Were your friends and family supportive during that time?,Positive,Mental health and adjustment,9,57,,,,,,,
COMMENT_0073,How has being an amputee affected your life? Have you gotten a prosethic leg? Do you get a lot of stares when you go into public?,How has being an amputee affected your life? Have you gotten a prosethic leg? Do you get a lot of stares when you go into public?,Positive,Device,26,129,,,,,,,
COMMENT_0074,What kind of life do you have prior to your first amputation?,What kind of life do you have prior to your first amputation?,Mixed/Neutral,Mental health and adjustment,12,61,,,,,,,
COMMENT_0075,Do you have someone as your assistant to help you in your daily activities? What are your daily activities?,Do you have someone as your assistant to help you in your daily activities? What are your daily activities?,Positive,Physical health and daily function,19,107,,,,,,,
COMMENT_0076,Are prosthetics a possibility for you?,Are prosthetics a possibility for you?,Positive,Device,6,38,,,,,,,
COMMENT_0077,"Hey my dad is a quad! I’ve found people are willing to help out with mundane things like opening doors or wanting to help strap into a van, but my dad has expressed that sometimes people trying to help makes him feel less normal than he already feels. What’s a practical, easy way people can help without breaking that barrier of making you feel abnormal?","Hey my dad is a quad! I’ve found people are willing to help out with mundane things like opening doors or wanting to help strap into a van, but my dad has expressed that sometimes people trying to help makes him feel less normal than he already feels. What’s a practical, easy way people can help without breaking that barrier of making you feel abnormal?",Negative,Mental health and adjustment,65,355,,,,,,,
COMMENT_0078,How does your OCD affect you? (Asking as a fellow OCD-er.),How does your OCD affect you? (Asking as a fellow OCD-er.),Mixed/Neutral,Mental health and adjustment,11,58,,,,,,,
COMMENT_0079,What events have led you to this particular outcome?,What events have led you to this particular outcome?,Mixed/Neutral,Cause / Surgery,9,52,,,,,,,
COMMENT_0080,How do you write?,How do you write?,Mixed/Neutral,Physical health and daily function,4,17,,,,,,,
COMMENT_0081,No offense but how do u keep on wanting to live…? I recently broke my foot like 2 weeks ago and I can barely do anything without help from my parents as I’m basically chair bound with a cast in my leg I can’t go outside on walks or even go to the store or even get a glass of something to drink in my room from the kitchen(I live in the attic) It’s absolute hell I can’t imagine having this for the rest of ur life I already struggle with depression and knowing I have to have this cast on for another 3-4 weeks is literally making me go crazy,No offense but how do u keep on wanting to live...? I recently broke my foot like 2 weeks ago and I can barely do anything without help from my parents as I’m basically chair bound with a cast in my leg I can’t go outside on walks or even go to the store or even get a glass of something to drink in my room from the kitchen(I live in the attic) It’s absolute hell I can’t imagine having this for the rest of ur life I already struggle with depression and knowing I have to have this cast on for another 3-4 weeks is literally making me go crazy,Negative,Mental health and adjustment,111,545,,,,,,,
COMMENT_0082,Do you have any phantom pains where your limbs once were?,Do you have any phantom pains where your limbs once were?,Mixed/Neutral,Pain including phantom,11,57,,,,,,,
COMMENT_0083,"I'm sorry things are so difficult for you, it's not fair. What are some of your interests?","I'm sorry things are so difficult for you, it's not fair. What are some of your interests?",Positive,Mental health and adjustment,17,90,,,,,,,
COMMENT_0084,"Has this affected your relationships with family, friends, and/or partners? If so, how?","Has this affected your relationships with family, friends, and/or partners? If so, how?",Mixed/Neutral,Mental health and adjustment,13,87,,,,,,,
COMMENT_0085,"Do you experience a lot of patronizing from people around you because of the new amputee status? And I read about your OCD, do you mix thickener in with your drinks now?","Do you experience a lot of patronizing from people around you because of the new amputee status? And I read about your OCD, do you mix thickener in with your drinks now?",Mixed/Neutral,Mental health and adjustment,32,169,,,,,,,
COMMENT_0086,"What are some long term goals you have for yourself? Have you thought about what u want to do in the future, I saw u said u were 19 I’m 3 years older then u, n still don’t know 100% what I see for myself in the future, and I know it’s too soon probably to tell but just curious.","What are some long term goals you have for yourself? Have you thought about what u want to do in the future, I saw u said u were 19 I’m 3 years older then u, n still don’t know 100% what I see for myself in the future, and I know it’s too soon probably to tell but just curious.",Mixed/Neutral,Mental health and adjustment,60,278,,,,,,,
COMMENT_0087,What does your daily routine look like now?,What does your daily routine look like now?,Mixed/Neutral,Physical health and daily function,8,43,,,,,,,
COMMENT_0088,How long does it take you to type?,How long does it take you to type?,Mixed/Neutral,Physical health and daily function,8,34,,,,,,,
COMMENT_0089,How do you control your computer?,How do you control your computer?,Mixed/Neutral,Physical health and daily function,6,33,,,,,,,
COMMENT_0090,Can play videogames?,Can play videogames?,Mixed/Neutral,Physical health and daily function,3,20,,,,,,,
COMMENT_0091,Can you use a VR headset?,Can you use a VR headset?,Mixed/Neutral,Physical health and daily function,6,25,,,,,,,
COMMENT_0092,How do you excercise?,How do you excercise?,Mixed/Neutral,Physical health and daily function,4,21,,,,,,,
COMMENT_0093,"Do you have a larger keyboard to make it easier to type or do you have prosthetics? Also considering a phone, are there prosthetics that let you use the touch screen?","Do you have a larger keyboard to make it easier to type or do you have prosthetics? Also considering a phone, are there prosthetics that let you use the touch screen?",Mixed/Neutral,Physical health and daily function,31,166,,,,,,,
COMMENT_0094,"Was it your fault? And if not, was the truck that hit you commercial? And if so, how much did you get in that settlement?","Was it your fault? And if not, was the truck that hit you commercial? And if so, how much did you get in that settlement?",Negative,Cause / Surgery,25,121,,,,,,,
COMMENT_0095,How do you use a phone?,How do you use a phone?,Mixed/Neutral,Physical health and daily function,6,23,,,,,,,
COMMENT_0096,Do you have a support system around you who loves you to help you navigate your new life?,Do you have a support system around you who loves you to help you navigate your new life?,Positive,Mental health and adjustment,18,89,,,,,,,
COMMENT_0097,Are you in chronic pain? I’m sorry this happened to you.,Are you in chronic pain? I’m sorry this happened to you.,Positive,Mental health and adjustment,11,56,,,,,,,
COMMENT_0098,How are you doing?,How are you doing?,Positive,Mental health and adjustment,4,18,,,,,,,
COMMENT_0099,Do you feel like your family is equipped and adequately caring for you?,Do you feel like your family is equipped and adequately caring for you?,Positive,Mental health and adjustment,13,71,,,,,,,
COMMENT_0100,"How painful was the accident, did adrenaline take over, or I guess do you even remember the exact events after getting run over or did you black out?","How painful was the accident, did adrenaline take over, or I guess do you even remember the exact events after getting run over or did you black out?",,,28,149,,,,,,,
COMMENT_0101,"With regards to getting around, do you use a wheelchair or scooter, or hop?","With regards to getting around, do you use a wheelchair or scooter, or hop?",,,14,75,,,,,,,
COMMENT_0102,Sorry to hear about this. The good news is the psychologically most people are extremely adaptable. Do you feel you’ve mentally adjusted or are you still struggling?,Sorry to hear about this. The good news is the psychologically most people are extremely adaptable. Do you feel you’ve mentally adjusted or are you still struggling?,,,27,165,,,,,,,
COMMENT_0103,Do you remember a lot from the accident? Was the pain excruciating or did your body go into shock?,Do you remember a lot from the accident? Was the pain excruciating or did your body go into shock?,,,19,98,,,,,,,
COMMENT_0104,How old are you? I can't imagine living through this. Do you have a therapist or friend to talk too?,How old are you? I can't imagine living through this. Do you have a therapist or friend to talk too?,,,20,100,,,,,,,
COMMENT_0105,do you still feel pain where your limbs where amputated ? Do you ever experience having a phantom limb ?,do you still feel pain where your limbs where amputated? Do you ever experience having a phantom limb?,,,18,102,,,,,,,
COMMENT_0106,"how do you get about doing basic everyday tasks like preparing food, eating, showering etc?","how do you get about doing basic everyday tasks like preparing food, eating, showering etc?",,,15,91,,,,,,,
COMMENT_0107,do you live alone? Are you able to qualify for in-home assistance through DSHS? (Assuming you are in the US or whatever the equivalent is where you live),do you live alone? Are you able to qualify for in-home assistance through DSHS? (Assuming you are in the US or whatever the equivalent is where you live),,,28,153,,,,,,,
COMMENT_0108,are you considering getting a prosthetic limb for your missing leg or would it not help much since no arms?,are you considering getting a prosthetic limb for your missing leg or would it not help much since no arms?,,,20,107,,,,,,,
COMMENT_0109,Do you have or are you planning to get prosthetic limbs?,Do you have or are you planning to get prosthetic limbs?,,,11,56,,,,,,,
COMMENT_0110,"Are you in the US? Do you have a good support system? Do you qualify for any type of home care, like a nurse stopping by a few times a week to help you with personal needs, wound care, and whatever else? Some ppl are unaware of the resources they may qualify for, that’s why I ask. Even if you live with someone who is currently helping you out, or they live with you, you can still qualify! If you haven’t already, look in to it! You can always ask your primary care provider or if you have a case worker/therapist/psychiatrist etc","Are you in the US? Do you have a good support system? Do you qualify for any type of home care, like a nurse stopping by a few times a week to help you with personal needs, wound care, and whatever else? Some ppl are unaware of the resources they may qualify for, that’s why I ask. Even if you live with someone who is currently helping you out, or they live with you, you can still qualify! If you haven’t already, look in to it! You can always ask your primary care provider or if you have a case worker/therapist/psychiatrist etc",,,102,532,,,,,,,
COMMENT_0111,How has the accident/amputation impacted your mental health?,How has the accident/amputation impacted your mental health?,,,8,60,,,,,,,
COMMENT_0112,"Besides riding, what other hobbies did you enjoy before the accident? Can you still do them?","Besides riding, what other hobbies did you enjoy before the accident? Can you still do them?",,,16,92,,,,,,,
COMMENT_0113,"I ve been seeing a lot of videos of prosthetics/bionic arms over the years, but I don't know how commonplace they are right now Are they a viable option for you? How expensive do they get?","I ve been seeing a lot of videos of prosthetics/bionic arms over the years, but I don't know how commonplace they are right now Are they a viable option for you? How expensive do they get?",,,36,188,,,,,,,
COMMENT_0114,Were you in a relationship before the accident?,Were you in a relationship before the accident?,,,8,47,,,,,,,
COMMENT_0115,What was your first reaction once the initial shock wore off?,What was your first reaction once the initial shock wore off?,,,11,61,,,,,,,
COMMENT_0116,Who has stayed by your side during your recovery?,Who has stayed by your side during your recovery?,,,9,49,,,,,,,
COMMENT_0117,OP... Hey ^ There's any chance to get any prosthetic leg/hands in the future?,OP... Hey ^ There's any chance to get any prosthetic leg/hands in the future?,,,14,77,,,,,,,
COMMENT_0118,"Are you in physical pain still? Will you get prosthetics? Has it caused depression? If not, why do you think so? If so, how are you managing it? What kind of bike? Do you remember the accident? Did you know you were going to lose your limbs, immediately? Or did you just wake up in a hospital and realize... oh fuck.. ?","Are you in physical pain still? Will you get prosthetics? Has it caused depression? If not, why do you think so? If so, how are you managing it? What kind of bike? Do you remember the accident? Did you know you were going to lose your limbs, immediately? Or did you just wake up in a hospital and realize... oh fuck..?",,,61,318,,,,,,,
COMMENT_0119,How old are you and what type of work were you in before the accident?,How old are you and what type of work were you in before the accident?,,,15,70,,,,,,,
COMMENT_0120,How are you coping mentally and then also physically? How old are you?,How are you coping mentally and then also physically? How old are you?,,,13,70,,,,,,,
COMMENT_0121,How did you end up with the bacterial infection? And how do you type on Reddit?,How did you end up with the bacterial infection? And how do you type on Reddit?,,,16,79,,,,,,,
COMMENT_0122,How do you cope? I’m also a dancer & guitarist who can no longer do the things I love due to an illness. Do you have support? Does the government support you if not? I feel like i’ve been left to fall through the cracks. How do you convince yourself that life is still worth living how that your dreams have been crushed?,How do you cope? I’m also a dancer & guitarist who can no longer do the things I love due to an illness. Do you have support? Does the government support you if not? I feel like i’ve been left to fall through the cracks. How do you convince yourself that life is still worth living how that your dreams have been crushed?,,,63,321,,,,,,,
COMMENT_0123,What's your daily routine like?,What's your daily routine like?,,,5,31,,,,,,,
COMMENT_0124,What has been the hardest thing to come to terms with? What has been the easiest?,What has been the hardest thing to come to terms with? What has been the easiest?,,,16,81,,,,,,,
COMMENT_0125,I'm sorry this has happened to you. I'm 18F and had a left hip disarticulation nearly a year ago. Do you get phantom pains? Do you think you might give prosthetics another go? Have you heard of osseointegration? It may be an option for you if conventional prosthetics aren't.,I'm sorry this has happened to you. I'm 18F and had a left hip disarticulation nearly a year ago. Do you get phantom pains? Do you think you might give prosthetics another go? Have you heard of osseointegration? It may be an option for you if conventional prosthetics aren't.,,,49,275,,,,,,,
COMMENT_0126,Have you considered singing as an outlet for your musical energy?,Have you considered singing as an outlet for your musical energy?,,,11,65,,,,,,,
COMMENT_0127,Are prosthetics and option? Could you look into designing and 3d printing prosthetics for low income children? I'm sure that combined with motivational speaking would inspire many to not give up and you will find courage though others,Are prosthetics and option? Could you look into designing and 3d printing prosthetics for low income children? I'm sure that combined with motivational speaking would inspire many to not give up and you will find courage though others,,,38,234,,,,,,,
COMMENT_0128,I’m sorry. Good on you for trying to stay positive. Have you been able to connect with others in similar situations?,I’m sorry. Good on you for trying to stay positive. Have you been able to connect with others in similar situations?,,,21,116,,,,,,,
COMMENT_0129,Do you pursue any scholarly hobbies like online education or learning new languages?,Do you pursue any scholarly hobbies like online education or learning new languages?,,,13,84,,,,,,,
COMMENT_0130,"So sorry to hear about your infection, do you know what kind of bacterial infection it was?","So sorry to hear about your infection, do you know what kind of bacterial infection it was?",,,17,91,,,,,,,
COMMENT_0131,Are you able to participate in any fun physical activities that would provide core or aerobic exercise? Sorry this happened to you.,Are you able to participate in any fun physical activities that would provide core or aerobic exercise? Sorry this happened to you.,,,22,131,,,,,,,
COMMENT_0132,have any friends stuck with you on this? have any of them left?,have any friends stuck with you on this? have any of them left?,,,13,63,,,,,,,
COMMENT_0133,"Strange question, but when you sleep do you sleep on your back or your front, because I can't imagine you could still sleep on your side","Strange question, but when you sleep do you sleep on your back or your front, because I can't imagine you could still sleep on your side",,,26,136,,,,,,,
COMMENT_0134,"Do you have any plans for trying to date, relationships or marriage in the future?","Do you have any plans for trying to date, relationships or marriage in the future?",,,15,82,,,,,,,
COMMENT_0135,What makes you wanna keep going in life?,What makes you wanna keep going in life?,,,8,40,,,,,,,
COMMENT_0136,I’m sorry to hear about this and hope you pull through but I do have a question and I’m not trying to sound like a jerk but how do you clean yourself? Like if you go to the bathroom how do you wipe? Do you receive any sort of aid or are you paying out of pocket for your expenses?,I’m sorry to hear about this and hope you pull through but I do have a question and I’m not trying to sound like a jerk but how do you clean yourself? Like if you go to the bathroom how do you wipe? Do you receive any sort of aid or are you paying out of pocket for your expenses?,,,60,280,,,,,,,
COMMENT_0137,"Do you have a drawing tablet like an iPad Pro, Windows Surface, or Android (don’t know models for that)? I wonder if your country’s health service would provide one for accessibility. Newer tablets usually have quite good voice control and dictation too.","Do you have a drawing tablet like an iPad Pro, Windows Surface, or Android (don’t know models for that)? I wonder if your country’s health service would provide one for accessibility. Newer tablets usually have quite good voice control and dictation too.",,,42,254,,,,,,,
COMMENT_0138,Besides your mom have your friends and family been supportive? Do they visit?,Besides your mom have your friends and family been supportive? Do they visit?,,,13,77,,,,,,,
COMMENT_0139,Have you ever got bed sores after becoming an amputee? Also I've been reading through the comments and want to clarify - we're your limbs removed before you woke up from a coma?,Have you ever got bed sores after becoming an amputee? Also I've been reading through the comments and want to clarify - we're your limbs removed before you woke up from a coma?,,,33,177,,,,,,,
COMMENT_0140,"Are you receiving occupational therapy? They can help you become more independent with your self care, and can find modified ways to help you do the things you want to be able to do.","Are you receiving occupational therapy? They can help you become more independent with your self care, and can find modified ways to help you do the things you want to be able to do.",,,34,182,,,,,,,
COMMENT_0141,"With the money that you’ll be getting, have you thought about traveling to another country? I love seeing folks traveling in their wheelies in different countries. I’m in Japan, you’re welcome here. Also, does your mom get a break to prevent burnout?","With the money that you’ll be getting, have you thought about traveling to another country? I love seeing folks traveling in their wheelies in different countries. I’m in Japan, you’re welcome here. Also, does your mom get a break to prevent burnout?",,,42,250,,,,,,,
COMMENT_0142,What is your favourite hobby now?,What is your favourite hobby now?,,,6,33,,,,,,,
COMMENT_0143,What is your career goals now?,What is your career goals now?,,,6,30,,,,,,,
COMMENT_0144,"I've heard there are some off-road wheelchairs, it sounds cool, kind of an ATV. Have you tried something like that? One big thing I regret in my life is selling my dirtbike.","I've heard there are some off-road wheelchairs, it sounds cool, kind of an ATV. Have you tried something like that? One big thing I regret in my life is selling my dirtbike.",,,32,173,,,,,,,
COMMENT_0145,How far are they gone? What has changed in your life since then? Do you feel hopeful for the future? Do you still feel like yourself? Do people look at you differently now? My biggest question is how do you cope mentally? But that’s a huge one.,How far are they gone? What has changed in your life since then? Do you feel hopeful for the future? Do you still feel like yourself? Do people look at you differently now? My biggest question is how do you cope mentally? But that’s a huge one.,,,47,244,,,,,,,
COMMENT_0146,"Hi Eva! If you don't mind me asking, was the arm loss due to infection, or because the bones were too shattered to repair? My cousin lost his leg (above the knee) in a motorcycle accident in the '90s, and I believe he suffered from both. There wasn't enough salvageable bone left to reconstruct his lower leg, and he had a rough time with infection for quite a while.","Hi Eva! If you don't mind me asking, was the arm loss due to infection, or because the bones were too shattered to repair? My cousin lost his leg (above the knee) in a motorcycle accident in the '90s, and I believe he suffered from both. There wasn't enough salvageable bone left to reconstruct his lower leg, and he had a rough time with infection for quite a while.",,,69,367,,,,,,,
COMMENT_0147,"Feel free to ignore this, but how do you maintain daily hygiene? I'm genuinely curious as we ladies have a lot going on. I imagine it requires creative solutions and maybe some type of aid?","Feel free to ignore this, but how do you maintain daily hygiene? I'm genuinely curious as we ladies have a lot going on. I imagine it requires creative solutions and maybe some type of aid?",,,35,189,,,,,,,
COMMENT_0148,Do you or could you have prosthetics?,Do you or could you have prosthetics?,Mixed/Neutral,Device,7,37,,,,,,,
COMMENT_0149,"What type of occupational and physical therapy did you go through after losing your arms? Are you still getting PT now? What adjustments have to you had to make to your daily life, and do you live with family members who help you? You said no taboo questions, so here goes: what are bathroom and bathing experiences like for you?","What type of occupational and physical therapy did you go through after losing your arms? Are you still getting PT now? What adjustments have to you had to make to your daily life, and do you live with family members who help you? You said no taboo questions, so here goes: what are bathroom and bathing experiences like for you?",Mixed/Neutral,Physical health and daily function,60,329,,,,,,,
COMMENT_0150,What things do you miss the most about having your arms that most people take for granted?,What things do you miss the most about having your arms that most people take for granted?,Negative,Physical health and daily function,17,90,,,,,,,
COMMENT_0151,How do you eat?,How do you eat?,Mixed/Neutral,Physical health and daily function,4,15,,,,,,,
COMMENT_0152,Are arm transplants an option? Do you currently wear prothesis?,Are arm transplants an option? Do you currently wear prothesis?,Mixed/Neutral,Device,10,63,,,,,,,
COMMENT_0153,How self sufficient are you? Can you take care of yourself? I know I've seen some of those videos of people born without arms doing things with their feet instead and wondering if that is something you learned or if you need someone to help you get around and do most things. As someone who has (some) first hand experience how do you feel prosthetics have changed from the past? I see videos pop up every so often about 3d printed mechanical hands and the like and wondering how wide spread things like that are.,How self sufficient are you? Can you take care of yourself? I know I've seen some of those videos of people born without arms doing things with their feet instead and wondering if that is something you learned or if you need someone to help you get around and do most things. As someone who has (some) first hand experience how do you feel prosthetics have changed from the past? I see videos pop up every so often about 3d printed mechanical hands and the like and wondering how wide spread things like that are.,Mixed/Neutral,Physical health and daily function,95,513,,,,,,,
COMMENT_0154,Are you in pain?,Are you in pain?,Mixed/Neutral,Pain including phantom,4,16,,,,,,,
COMMENT_0155,Did you have any relationships before or after the accident? How have they changed?,Did you have any relationships before or after the accident? How have they changed?,Mixed/Neutral,Mental health and adjustment,14,83,,,,,,,
COMMENT_0156,"What do you think is the most important thing someone should know about offering help to a bilateral amputee? I've only met one person who had no arms, and I'm wondering what I could do to help them, but not make it awkward for either of us.","What do you think is the most important thing someone should know about offering help to a bilateral amputee? I've only met one person who had no arms, and I'm wondering what I could do to help them, but not make it awkward for either of us.",Positive,Mental health and adjustment,47,241,,,,,,,
COMMENT_0157,"What do children think about it when you're in public (as in what is their reaction)? What's the funniest reaction from a kid? If a kid asks what happened, do you make up something cooler? (I saw one amputee say he tells kids he fought Darth Vader or something like that)","What do children think about it when you're in public (as in what is their reaction)? What's the funniest reaction from a kid? If a kid asks what happened, do you make up something cooler? (I saw one amputee say he tells kids he fought Darth Vader or something like that)",Mixed/Neutral,Mental health and adjustment,51,271,,,,,,,
COMMENT_0158,Do you use any body parts other than your feet?,Do you use any body parts other than your feet?,Mixed/Neutral,Physical health and daily function,10,47,,,,,,,
COMMENT_0159,how did you remain so positive in your life ?,how did you remain so positive in your life?,Positive,Mental health and adjustment,9,44,,,,,,,
COMMENT_0160,"What type of road accident was it, as in, where was the impact to the vehicle you were riding in and what were the estimated impact speeds? Was your vehicle equipped with any sort of air bag system?","What type of road accident was it, as in, where was the impact to the vehicle you were riding in and what were the estimated impact speeds? Was your vehicle equipped with any sort of air bag system?",Mixed/Neutral,Cause / Surgery,38,198,,,,,,,
COMMENT_0161,How did the accident happen?,How did the accident happen?,Mixed/Neutral,Cause / Surgery,5,28,,,,,,,
COMMENT_0162,Do u feel phantom pain?,Do u feel phantom pain?,Mixed/Neutral,Pain including phantom,5,23,,,,,,,
COMMENT_0163,"Not to be rude, but, without arms, how do you balance, especially when you walk or run around?","Not to be rude, but, without arms, how do you balance, especially when you walk or run around?",Mixed/Neutral,Physical health and daily function,18,94,,,,,,,
COMMENT_0164,What does it feel like when your arms are touched is there any odd sensations,What does it feel like when your arms are touched is there any odd sensations,Mixed/Neutral,Pain including phantom,15,77,,,,,,,
COMMENT_0165,"How did you find a doctor willing to amputate? I have a severe neuromuscular disorder that affects my feet horribly. I will never be able to walk normally with my own feet again. I feel like if i got below the knee amputations that i could eventually do the things i used to love, like walking in the woods or walking on the beach, but none of the doctors I've seen are willing to do it.","How did you find a doctor willing to amputate? I have a severe neuromuscular disorder that affects my feet horribly. I will never be able to walk normally with my own feet again. I feel like if i got below the knee amputations that i could eventually do the things i used to love, like walking in the woods or walking on the beach, but none of the doctors I've seen are willing to do it.",Mixed/Neutral,Cause / Surgery,76,387,,,,,,,
COMMENT_0166,Could you shed more light on the obvious part? What amputation? What was the reason? How do manage with the obvious disability now?,Could you shed more light on the obvious part? What amputation? What was the reason? How do manage with the obvious disability now?,Mixed/Neutral,Cause / Surgery,23,131,,,,,,,
COMMENT_0167,"Do you have phantom pain/itching/feeling? If so, can you describe what it's like?","Do you have phantom pain/itching/feeling? If so, can you describe what it's like?",Mixed/Neutral,Pain including phantom,13,81,,,,,,,
COMMENT_0168,"I've always thought that if I lost a leg or hand, that I would get the ""good"" prophetic, and then I'd also get the ""fun"" prosthetics for like Halloween or just to mess with people, like a wooden leg, or a Captain Hook attachment. Is that a thing you would do, or am I weird?","I've always thought that if I lost a leg or hand, that I would get the ""good"" prophetic, and then I'd also get the ""fun"" prosthetics for like Halloween or just to mess with people, like a wooden leg, or a Captain Hook attachment. Is that a thing you would do, or am I weird?",Positive,Device,55,274,,,,,,,
COMMENT_0169,Why did you electively amputate a part of your body? And which limbs exactly?,Why did you electively amputate a part of your body? And which limbs exactly?,Mixed/Neutral,Cause / Surgery,14,77,,,,,,,
COMMENT_0170,Why did you choose to have them amputated [I assume you were having serious issues with them but interested to know what]?,Why did you choose to have them amputated [I assume you were having serious issues with them but interested to know what]?,Mixed/Neutral,Cause / Surgery,22,122,,,,,,,
COMMENT_0171,Did you get much pushback from doctors on your decision?,Did you get much pushback from doctors on your decision?,Mixed/Neutral,Cause / Surgery,10,56,,,,,,,
COMMENT_0172,How has it changed your daily routine?,How has it changed your daily routine?,Mixed/Neutral,Physical health and daily function,7,38,,,,,,,
COMMENT_0173,How is the ghost pain in your case? How do you manage it?,How is the ghost pain in your case? How do you manage it?,Mixed/Neutral,Pain including phantom,13,57,,,,,,,
COMMENT_0174,How diverse were the options given to you for prosthetics? Did you already have an idea of the design you wanted? Do you ever decorate your prosthetic?,How diverse were the options given to you for prosthetics? Did you already have an idea of the design you wanted? Do you ever decorate your prosthetic?,Mixed/Neutral,Device,27,151,,,,,,,
COMMENT_0175,"In regards to the accident, you said it was a hike you regularly do, but have no recollection of how the accident happened, all of a sudden coming to hours later. Did you ever go back to the area to see what went wrong or how it happened? If so, was there a change to the trail","In regards to the accident, you said it was a hike you regularly do, but have no recollection of how the accident happened, all of a sudden coming to hours later. Did you ever go back to the area to see what went wrong or how it happened? If so, was there a change to the trail",Negative,Cause / Surgery,57,277,,,,,,,
COMMENT_0176,How old are you? Have you developed cysts in your stump?,How old are you? Have you developed cysts in your stump?,Mixed/Neutral,Physical health and daily function,11,56,,,,,,,
COMMENT_0177,"I have a disability too. But I have CP and am always interested in others with disabilities. The crazy thing is people will ask me some of the most unhinged questions like about paralysis or whatever, and I am like how would I know? I'm not paralyzed. Like people with disabilities can't always 100% relate to each other. We just all know the struggle. Lol But I wanted to know do you have any assisted devices do you use to help you get around when you don't have your prosthetic on, or do you have it on most of the time?","I have a disability too. But I have CP and am always interested in others with disabilities. The crazy thing is people will ask me some of the most unhinged questions like about paralysis or whatever, and I am like how would I know? I'm not paralyzed. Like people with disabilities can't always 100% relate to each other. We just all know the struggle. Lol But I wanted to know do you have any assisted devices do you use to help you get around when you don't have your prosthetic on, or do you have it on most of the time?",Positive,Device,101,523,,,,,,,
COMMENT_0178,What actually led you to want to be amputated?,What actually led you to want to be amputated?,Mixed/Neutral,Cause / Surgery,9,46,,,,,,,
COMMENT_0179,Have you experienced pathom pains?,Have you experienced pathom pains?,Mixed/Neutral,Pain including phantom,5,34,,,,,,,
COMMENT_0180,Are you at peace with it? For how long have you been angry or depressed because of it? Were you like lieutenant Dan from Forest Gump?,Are you at peace with it? For how long have you been angry or depressed because of it? Were you like lieutenant Dan from Forest Gump?,Negative,Mental health and adjustment,26,133,,,,,,,
COMMENT_0181,How did you lost your leg?,How did you lost your leg?,Mixed/Neutral,Cause / Surgery,6,26,,,,,,,
COMMENT_0182,Always wanted to know if you have to buy 2 shoes? Just curious ??,Always wanted to know if you have to buy 2 shoes? Just curious ??,Mixed/Neutral,Physical health and daily function,14,64,,,,,,,
COMMENT_0183,"what, in your experience, do people too often get wrong about amputees and what it's like to be one? assumptions people make, bad representation in media, that sort of thing.","what, in your experience, do people too often get wrong about amputees and what it's like to be one? assumptions people make, bad representation in media, that sort of thing.",Mixed/Neutral,Mental health and adjustment,30,174,,,,,,,
COMMENT_0184,Do you prefer a wheelchair to crutches? Why?,Do you prefer a wheelchair to crutches? Why?,Mixed/Neutral,Device,8,44,,,,,,,
COMMENT_0185,"Right after amputation did you have a feeling like ""life is over for me, it's all over""? How long did it take you to realize that it's just a change of lifestyle, not the end of life?","Right after amputation did you have a feeling like ""life is over for me, it's all over""? How long did it take you to realize that it's just a change of lifestyle, not the end of life?",Negative,Mental health and adjustment,37,183,,,,,,,
COMMENT_0186,"Do you like it or dislike it when someone gets a door or offers ""help"" with some task? I hold doors for everyone but have had mixed responses with disabled people.","Do you like it or dislike it when someone gets a door or offers ""help"" with some task? I hold doors for everyone but have had mixed responses with disabled people.",Negative,Mental health and adjustment,31,163,,,,,,,
COMMENT_0187,Do people judge you often?,Do people judge you often?,Negative,Mental health and adjustment,5,26,,,,,,,
COMMENT_0188,How has this effected your dating life and how have you been able to show women that you are not soemone to be felt bad for.,How has this effected your dating life and how have you been able to show women that you are not soemone to be felt bad for.,Negative,Mental health and adjustment,26,124,,,,,,,
COMMENT_0189,"Hope your house or apartement is on ground level? How is with going down or up the stairs? Guess it's not that problem with the crouches, but what about the wheelchair? Where i live, all public buildings, train stations etc. have to be accessible for wheelchairs. Same goes for the public transport, like you can push a button on the bus and there's a ramp that will go down, enabling you to get on the bus without assistance. Hope you have such things there in your country?","Hope your house or apartement is on ground level? How is with going down or up the stairs? Guess it's not that problem with the crouches, but what about the wheelchair? Where i live, all public buildings, train stations etc. have to be accessible for wheelchairs. Same goes for the public transport, like you can push a button on the bus and there's a ramp that will go down, enabling you to get on the bus without assistance. Hope you have such things there in your country?",Mixed/Neutral,Device,87,475,,,,,,,
COMMENT_0190,What is the biggest pain in the ass when you're out and about?,What is the biggest pain in the ass when you're out and about?,Negative,Mental health and adjustment,13,62,,,,,,,
COMMENT_0191,Have you taking up a lot of hobby’s you don’t need to walk for,Have you taking up a lot of hobby’s you don’t need to walk for,Mixed/Neutral,Physical health and daily function,14,62,,,,,,,
COMMENT_0192,I recently lost my left eye and my ability to drive due to poor eye sight in remaining eye. My question is would you have any words of wisdom for some one trying to adjust to a new life?,I recently lost my left eye and my ability to drive due to poor eye sight in remaining eye. My question is would you have any words of wisdom for some one trying to adjust to a new life?,Mixed/Neutral,Mental health and adjustment,39,186,,,,,,,
COMMENT_0193,Is there anything that's surprisingly awesome about it? Or does it just plain suck?,Is there anything that's surprisingly awesome about it? Or does it just plain suck?,Mixed/Neutral,Mental health and adjustment,14,83,,,,,,,
COMMENT_0194,How much does a prosthetic leg cost?,How much does a prosthetic leg cost?,Mixed/Neutral,Device,7,36,,,,,,,
COMMENT_0195,Do you have phantom limb sensations? Phantom pain?,Do you have phantom limb sensations? Phantom pain?,Mixed/Neutral,Pain including phantom,8,50,,,,,,,
COMMENT_0196,Do people expect you to be a pirate for Halloween?,Do people expect you to be a pirate for Halloween?,Positive,Mental health and adjustment,10,50,,,,,,,
COMMENT_0197,What did you have to get amputated and why?,What did you have to get amputated and why?,Mixed/Neutral,Cause / Surgery,9,43,,,,,,,
COMMENT_0198,Do you have a prosthetic leg or do you use a wheelchair?,Do you have a prosthetic leg or do you use a wheelchair?,Mixed/Neutral,Device,12,56,,,,,,,
COMMENT_0199,What do you want to do as an occupation?,What do you want to do as an occupation?,Mixed/Neutral,Mental health and adjustment,9,40,,,,,,,
COMMENT_0200,"Most teenagers get into a habit if comparing themselves go other teenagers in terms of how puberty pans out. How are you dealing with that as an amputee? Are you still kinda timid or bashful of it, or are you at a point where you just own it and accept it?","Most teenagers get into a habit if comparing themselves go other teenagers in terms of how puberty pans out. How are you dealing with that as an amputee? Are you still kinda timid or bashful of it, or are you at a point where you just own it and accept it?",Negative,Mental health and adjustment,51,256,,,,,,,
COMMENT_0201,"What was the recovery process like? Also, what was your experience like with physical therapy/rehabilitation?","What was the recovery process like? Also, what was your experience like with physical therapy/rehabilitation?",Mixed/Neutral,Physical health and daily function,15,109,,,,,,,
COMMENT_0202,How’s the accessibility at your school?,How’s the accessibility at your school?,Mixed/Neutral,Physical health and daily function,6,39,,,,,,,
COMMENT_0203,What’s the most inconvenient thing that would improve your daily life the most if fixed?,What’s the most inconvenient thing that would improve your daily life the most if fixed?,Negative,Physical health and daily function,15,88,,,,,,,
COMMENT_0204,If you could improve your prosthetic how would you?,If you could improve your prosthetic how would you?,Mixed/Neutral,Device,9,51,,,,,,,
COMMENT_0205,What kinds of things to little kiddos ask you or how do they react?,What kinds of things to little kiddos ask you or how do they react?,Mixed/Neutral,Mental health and adjustment,14,67,,,,,,,
COMMENT_0206,Were you bullied as kid? If so how did you deal with it? (You do not have to answer this one),Were you bullied as kid? If so how did you deal with it? (You do not have to answer this one),Mixed/Neutral,Mental health and adjustment,21,93,,,,,,,
COMMENT_0207,Does it itch where your leg isn't? How do you deal with that? Do you feel pain there?,Does it itch where your leg isn't? How do you deal with that? Do you feel pain there?,Mixed/Neutral,Pain including phantom,18,85,,,,,,,
COMMENT_0208,Where is it now?,Where is it now?,Mixed/Neutral,Cause / Surgery,4,16,,,,,,,
COMMENT_0209,If your leg was on an island and it got stung by something would you be able to feel it?,If your leg was on an island and it got stung by something would you be able to feel it?,Mixed/Neutral,Pain including phantom,20,88,,,,,,,
COMMENT_0210,Do you often feel phantom pain or itchiness?,Do you often feel phantom pain or itchiness?,Mixed/Neutral,Pain including phantom,8,44,,,,,,,
COMMENT_0211,Have you ever worn a prosthetic or had an interest in one?,Have you ever worn a prosthetic or had an interest in one?,Mixed/Neutral,Device,12,58,,,,,,,
COMMENT_0212,Do you have to take lots of care of your skin around your stump,Do you have to take lots of care of your skin around your stump,Mixed/Neutral,Physical health and daily function,14,63,,,,,,,
COMMENT_0213,How are you typing this right now?,How are you typing this right now?,Mixed/Neutral,Physical health and daily function,7,34,,,,,,,
COMMENT_0214,What was the cause of the necrotizing of your extremities?,What was the cause of the necrotizing of your extremities?,Mixed/Neutral,Cause / Surgery,10,58,,,,,,,
COMMENT_0215,"I noticed you said specifically your feet and fingers, were those the points of amputation or did you lose more of your limbs? Are there any sort of prosthesis available to make your life any easier? How has your marriage been since the amputations?","I noticed you said specifically your feet and fingers, were those the points of amputation or did you lose more of your limbs? Are there any sort of prosthesis available to make your life any easier? How has your marriage been since the amputations?",Mixed/Neutral,Device,44,249,,,,,,,
COMMENT_0216,What simple day-to-day things that someone normally wouldn't even think twice about became difficult and frustrating for you once you got out? Do people treat you a lot differently now? Are you in a wheelchair?,What simple day-to-day things that someone normally wouldn't even think twice about became difficult and frustrating for you once you got out? Do people treat you a lot differently now? Are you in a wheelchair?,Negative,Physical health and daily function,35,210,,,,,,,
COMMENT_0217,How did you react initially when they broke the news to you?,How did you react initially when they broke the news to you?,Mixed/Neutral,Mental health and adjustment,12,60,,,,,,,
COMMENT_0218,do you ever become resentful and angry due to the hand that life dealt you? do you want to harm others?,do you ever become resentful and angry due to the hand that life dealt you? do you want to harm others?,Negative,Mental health and adjustment,21,103,,,,,,,
COMMENT_0219,What has been the biggest challenge in raising your children with limited mobility and dexterity? What has been surprisingly easy? Do you think you'll have another child? How have your kids and your husband reacted?,What has been the biggest challenge in raising your children with limited mobility and dexterity? What has been surprisingly easy? Do you think you'll have another child? How have your kids and your husband reacted?,Mixed/Neutral,Mental health and adjustment,35,215,,,,,,,
COMMENT_0220,How are you coping now? Do you have much help around the home? What does your older child think of what has happened to you?,How are you coping now? Do you have much help around the home? What does your older child think of what has happened to you?,Mixed/Neutral,Mental health and adjustment,25,124,,,,,,,
COMMENT_0221,Probably asked before and already answered. But what was amputated?,Probably asked before and already answered. But what was amputated?,Mixed/Neutral,Cause / Surgery,10,67,,,,,,,
COMMENT_0222,How did your husband take you losing limbs? Has it/did it cause any tension in your relationship at first/now?,How did your husband take you losing limbs? Has it/did it cause any tension in your relationship at first/now?,Negative,Mental health and adjustment,19,110,,,,,,,
COMMENT_0223,"Do you experience any phantom limb? If so, when did you start experience them? Did it ever go away? How long did it last?","Do you experience any phantom limb? If so, when did you start experience them? Did it ever go away? How long did it last?",Mixed/Neutral,Pain including phantom,24,121,,,,,,,
COMMENT_0224,"What's it like being in a coma? Was it basically like, fall asleep, wake up 4 months later? I know you said in and out but can you elaborate please?","What's it like being in a coma? Was it basically like, fall asleep, wake up 4 months later? I know you said in and out but can you elaborate please?",Mixed/Neutral,Physical health and daily function,30,148,,,,,,,
COMMENT_0225,"Apologies for asking, but why did ur leg have to be amputated? Was there any phantom pain during the recovery?","Apologies for asking, but why did ur leg have to be amputated? Was there any phantom pain during the recovery?",Mixed/Neutral,Pain including phantom,20,110,,,,,,,
COMMENT_0226,I am also an amputee . Any plan for artificial leg ?,I am also an amputee. Any plan for artificial leg?,Mixed/Neutral,Device,10,50,,,,,,,
COMMENT_0227,What made you want to become a cardio thorasic surgeon?,What made you want to become a cardio thorasic surgeon?,Mixed/Neutral,Mental health and adjustment,10,55,,,,,,,
COMMENT_0228,"Since you lost your leg so young, I assume you have to be refitted for new prosthesis as you grow? Is it a big annoyance getting used to a new one, or is it like getting on a shoe that finally fits?","Since you lost your leg so young, I assume you have to be refitted for new prosthesis as you grow? Is it a big annoyance getting used to a new one, or is it like getting on a shoe that finally fits?",Mixed/Neutral,Device,42,198,,,,,,,
COMMENT_0229,You said you have prosthetic legs. How do they know how long they're supposed to be? Obviously you've grown since you were eight and will probably grow for another year or two,You said you have prosthetic legs. How do they know how long they're supposed to be? Obviously you've grown since you were eight and will probably grow for another year or two,Mixed/Neutral,Device,32,175,,,,,,,
COMMENT_0230,Did the amputation of your leg lead to you finding out people in your life were lack toes intolerant?,Did the amputation of your leg lead to you finding out people in your life were lack toes intolerant?,Mixed/Neutral,Mental health and adjustment,19,101,,,,,,,
COMMENT_0231,do you plan to get a prosthetic leg?,do you plan to get a prosthetic leg?,Mixed/Neutral,Device,8,36,,,,,,,
COMMENT_0232,What did you do with your amputated foot?,What did you do with your amputated foot?,Mixed/Neutral,Cause / Surgery,8,41,,,,,,,
COMMENT_0233,"Have you had any ""ghost foot"" experiences?","Have you had any ""ghost foot"" experiences?",Mixed/Neutral,Pain including phantom,7,42,,,,,,,
COMMENT_0234,"This is probably a silly question, but why did the amputation need to be so far up if it was your ankle that was broken? Photo #6, of the ""after"" leg, makes it look like it's cut off well into your mid-shin.","This is probably a silly question, but why did the amputation need to be so far up if it was your ankle that was broken? Photo #6, of the ""after"" leg, makes it look like it's cut off well into your mid-shin.",Mixed/Neutral,Cause / Surgery,42,207,,,,,,,
COMMENT_0235,How far up did you need your leg to be amputated?,How far up did you need your leg to be amputated?,Mixed/Neutral,Cause / Surgery,11,49,,,,,,,
COMMENT_0236,were you able to walk between the surgeries and the amputation?,were you able to walk between the surgeries and the amputation?,Mixed/Neutral,Cause / Surgery,11,63,,,,,,,
COMMENT_0237,Did you get a prosthetic so that you can long-board and snowboard? Can you explain a little more on how you keep your balance if not?,Did you get a prosthetic so that you can long-board and snowboard? Can you explain a little more on how you keep your balance if not?,Mixed/Neutral,Device,26,133,,,,,,,
COMMENT_0238,"What type of suspension do you have? Which foot do you have (as in sach, safe, multi axis etc...)?","What type of suspension do you have? Which foot do you have (as in sach, safe, multi axis etc...)?",Mixed/Neutral,Device,19,98,,,,,,,
COMMENT_0239,Would you be able to summarise the pros and cons of the three options? And perhaps a little on what made your injury so hard to repair?,Would you be able to summarise the pros and cons of the three options? And perhaps a little on what made your injury so hard to repair?,Mixed/Neutral,Device,27,135,,,,,,,
COMMENT_0240,at what part of your leg was it removed from?,at what part of your leg was it removed from?,Mixed/Neutral,Cause / Surgery,10,45,,,,,,,
COMMENT_0241,Do you have one of those jumpy things that makes amputees run faster than normal people?,Do you have one of those jumpy things that makes amputees run faster than normal people?,Mixed/Neutral,Device,16,88,,,,,,,
COMMENT_0242,"Can you drive? And much more relevant, do you get the premium parking spots?","Can you drive? And much more relevant, do you get the premium parking spots?",Mixed/Neutral,Physical health and daily function,14,76,,,,,,,
COMMENT_0243,What was the healing process like after the amputation? How badly did it hurt? Were you basically drugged up for a few weeks afterward?,What was the healing process like after the amputation? How badly did it hurt? Were you basically drugged up for a few weeks afterward?,Mixed/Neutral,Cause / Surgery,24,135,,,,,,,
COMMENT_0244,Can you run with the prosthetic on? Will you get other prosthetics for various activities?,Can you run with the prosthetic on? Will you get other prosthetics for various activities?,Mixed/Neutral,Device,15,90,,,,,,,
COMMENT_0245,Do you have to take any meds now?,Do you have to take any meds now?,Mixed/Neutral,Physical health and daily function,8,33,,,,,,,
COMMENT_0246,Are there any common foreseeable complications going forward?,Are there any common foreseeable complications going forward?,Mixed/Neutral,Physical health and daily function,8,61,,,,,,,
COMMENT_0247,How do you see this affecting your life?,How do you see this affecting your life?,Mixed/Neutral,Physical health and daily function,8,40,,,,,,,
COMMENT_0248,What was it like the first few days after the amputation...I can't imagine how odd it would feel,What was it like the first few days after the amputation...I can't imagine how odd it would feel,Mixed/Neutral,Cause / Surgery,18,96,,,,,,,
